Post Title,Post Body,Comments,Date
[Highlight] Stephen Curry legendary run to end any France hope and win USA the gold medal,,"**Replays/alternate angles**


*I am a bot, and this action was performed automatically. Please [contact the moderators of this subreddit](/message/compose/?to=/r/nba) if you have any questions or concerns.* || Just absurd. I laughed my ass off after that last one over the double team. ||  That was the most disgusting heat check I‚Äôve ever seen || That sky fucker did it again || I actually can‚Äôt believe I watched that live || Is this what being a warriors fan is like || That last one was a war crime || Curry hit them French with his signature night night || I literally screamed at the last three against the double¬† || Steph broke the Reddit server || Beyond legendary || Outscored France 12-8 by himself over the final 2:48

ABSOLUTE GOD || He would get 400 electoral votes if he ran right now || That was fucking ridiculous. Even for Steph that was fucking ridiculous. || I was wondering why he didn‚Äôt do his celebration after the third one, turns out he had a plan || Goddamn I'm gonna miss this man so much when he retires || Nah that 3 he pulled with 36 seconds left and 2 defenders in his face with Kevin fucking Durant and Lebron fucking James wide open next to him is just obscene || Best shooter of all time || steph curry and making 3s that have absolutely no business of going in

name a better duo || Can you even imagine feeling like that in that moment",2024-08-10
I love Stephen Curry,"I love Stephen Curry. Any slander I‚Äôve ever had for him or his team, I was wrong. Any comments I‚Äôve ever made about him being washed, I was wrong. Any doubt I‚Äôve ever had on him during this game whenever he gave a turnover, I was wrong. I love curry. He is my GOAT","Is this how GSW fans felt all those years?

I love having Curry on the team I'm rooting for lmao bro is a cheat code || 4 3s in like that short amount of time is crazy. The last 3 was a crazy crazy shot. I thought he was being a bit selfish on that last 3 but it still went in. Absolutely crazy || The fact we got to see Steph do the ‚Äúnighty night‚Äù in the gold medal game was everything || It was like watching 2016 Steph all over again. || That last 3‚Ä¶ wtf || Literally styling on them kids, illegal to field him at this rate holy moly || Like what the fuck was that last shot üíÄüíÄ || dude i used to hate Steph Curry, NOW i get it! || France hasn‚Äôt been bombarded like that since the 1940s || [deleted] || Im done hating on him. He‚Äôs cooked my team for too long but I can‚Äôt hate on his game. Beautiful monster keep cooking || Get in line || He‚Äôs the most demoralizing player I‚Äôve ever witnessed.  When he gets hot you can see the other teams body language change.  Incredible last two games for Chef. || Warriors fans knew he was hitting that shit as soon as he got the ball back and hit the crossover. Double teamed and didn't give a single fuck || skyfucker was in the building today || The man should get a second gold for the shooting based off of that || Probably saved us last game too vs serbia || THE BEST PG EVER IN BASKETBALL HISTORY || G O D || He‚Äôs killed the Rockets time and time again in the playoffs, but watching him bomb those 3s down the stretch (especially that last one over the double team) was SO satisfying. Truly one of one, we‚Äôll never see someone like him again",2024-08-10
"[Wojnarowski] Golden State Warriors star Stephen Curry has agreed on a one-year, $62.6 million extension that‚Äôll keep him under contract through the 2026-2027 season, his agent Jeff Austin of Octagon tells ESPN.",,"[deleted] || Remember when Conley was the highest paid player at like $31 million || This is a 5 year contract not too long ago lol || That's more than I make || Over $750k/game...wow. || 62 MILLION?? jesus fucking christ lol || Good signing for GSW.

Most people don't realize that Curry is one of their best players. || Fake news, I saw an edit of him in a Lakers jersey just yesterday || Wait, this isn‚Äôt a trade for the Lakers‚Äô two first round picks and Austin Reaves wtf || they have been for a while but these numbers are getting insane || So much fucking money and its still prolly an underpay lmao || My glorious king is going to retire a warrior || I remember when LeBron signed a deal for just over $20M/year and I was blown away by it. 

Now we‚Äôre in the $62M range. 

By 2035, there will be at least 20 NBA stars on track to be billionaires between NBA salary and endorsements. || I wonder how much this dude is gonna get in endorsements. Probably the same amount. || Franchise GOAT. Well deserved. || [deleted] || Underpaid || warriors FO saw the bleacher report trade too || Roughly 763k per game if he plays 82 games


1.2 million a week

I cant fanthom nba contracts anymore || Delusional Lakers fans in shambles",2024-08-29
"[Highlight] Stephen Curry just chillin out, maxin, relaxin all cool to beat the buzzer with a floater",,"**Replays/alternate angles**


*I am a bot, and this action was performed automatically. Please [contact the moderators of this subreddit](/message/compose/?to=/r/nba) if you have any questions or concerns.* || Even KD had to dap him up üò≠ || dude just out here pressin random buttons on the controller || Yeah, that was insane. 

Love KD and D Lee's reactions. || [Remind me of this clip by Mike Epps on Steph Curry](https://youtu.be/WLGXxk29cxg?si=zqLVlEqlpszWVdaf&t=12)

>""Lookin like a 10 year old out there n shit"" || Warriors fans have been so spoiled with this guy lmao || Like this man or not, when the clock is winding down at the end of a quarter you can always expect Curry to try to pull some showmanship out of his pocket. This is what the NBA needs more of, not players deliberately holding until the buzzer to shoot their hail maries because they're afraid to hurt their FG%. || what the fuck || in-game horse shot goat || I love that KD dapped him || Suns needed a few more defenders there || Look at Curry man || It's gonna be a weird NBA without Steph. || I get why warriors fans say he‚Äôs the goat. I‚Äôm not agreeing but, if we got a dude that got us 4 championships. He‚Äôs better than mj. || Steph is insane going to miss him when he retires || When people bitch about the NBA promoting Steph and Lebron instead of the younger stars this is why || Bro really just throwing shit up like ‚Äúyea the rims up there somewhere‚Äù || Dear lord that‚Äôs disgusting || He's a wizard || Why not simply run that play every time",2024-12-28
[Highlight] Stephen Curry hits his FOURTH triple in a row vs France in the Gold Medal Match!,,"Bro that's one of the fucking craziest things I've ever seen || When his country needed him the most HE APPEARED || SO THIS IS WHAT IT'S LIKE TO BE ON THE OTHER SIDE || Is this what being a Warriors fan has felt like for the last 10 years? || Wade said he couldn't sit down cause his pants were tight lmao || Steph read all the tweets at ~~halftime~~ half tournament. || That‚Äôs greatness right there || They double teamed him even with KD and LeBron on the floor || That was an actual skyfucker        

Steph holy fuck || That last one was just insane. I said no way he gets a 4th one like that.


I should have learned by now || EVEN LEBRON DID THE NIGHT NIGHT AFTER THAT SHOT LMAO! || Steph üòç || Craziest fucking shot || i am so happy to be alive to watch steph curry play basketball || The most iconic heat check of all time || He broke Reddit. || Can‚Äôt wait to watch this in ‚ÄúBest Steph Curry 3‚Äôs Highlights‚Äù on YouTube for the rest of my life. || Hit em with the bonne nuit || Motherfuck the big three, it‚Äôs just big me || Steph said let‚Äôs end this",2024-08-10
"Barack Obama's Starting 5: Stephen Curry, Michael Jordan, LeBron James, Kevin Durant, and Hakeem Olajuwon","Barack Obama, executive producer of the new Netflix series Starting 5, starring Jimmy Butler and Domantas Sabonis, was asked to name his Starting 5. 

[https://x.com/BarackObama/status/1845503860296778159](https://x.com/BarackObama/status/1845503860296778159)

Barack Obama's squad is:

**PG -** Stephen Curry  
**SG -** Michael Jordan  
**SF -** LeBron James  
**PF -** Kevin Durant  
**C -**   Hakeem Olajuwon

This is a very strong starting 5 and it's hard to argue with what he did with the 1-4 spots, as Curry/Kevin Durant are just the perfect superstars to fit around more ball dominant players, while being creative with the ball themselves.

The only potentially controversial spot on the team is the center position. Obama may have underrated the value he could get by going small ball with a power forward like Tim Duncan at the center spot, the pure dominance of prime Shaq, or using Nikola Jokic as an offensive facilitator and three point threat himself. ","Better question:

If Obama were to name a starting five of US Presidents which would he pick?

Lincoln at center || For this team I'd rather have Hakeem over Shaq || Shaq is for sure voting for Trump now. || >Obama may have underrated the value he could get by going small ball with a power forward like Tim Duncan at the center spot

Tim Duncan already played center for most of his career. A 7 foot player at center is NOT small ball. || Obama knows ball || lol thats my exact 5. Hakeem over Shaq/Kareem may be controversial but its not like they need more scoring. best defender of all time next to Miami Bron and Goat MJ is 2-way excellence. || Hakeem is the right choice. I'd take prime Hakeem over all the dudes you mentioned. He was a very versatile center and could play modern positionless ball as well as anyone. || What starting 5 all time beats this one? || People listing their five and not having bron is bonkers.¬† || I love any starting 5 that doesn't force Kobe onto the SF position in order to get Kobe/Jordan on the same team. || Trump‚Äôs starting 5: Stockton, Kyrie, Gordon Hayward, Karl Malone, Bill Laimbeer¬† || Obama knows ball || Hakeem is a fine choice. Forget about his offense his defense is legendary || Arguably the perfect 5. It's wild that among that group, KD and Steph actually played together.¬†¬† || >starring Jimmy Butler and Domantas Sabonis

I don't know why but that gave me a chuckle. || Shaq fell to his knees at a Papa John's when he read this || Accolades aside, Hakeem can give it to anyone and is probably the best alongside Bill Russell as the greatest defenders of their positions. || Wait a minute‚Ä¶. He cooked here. I‚Äôd go Bird over KD for the rebounding and all around game but the stretch 4 with Hakeem and then Steph MJ Bron is my go to build. || Ball knower || Alright Barry. I see you",2024-10-13
[Highlight] Stephen Curry Goes For 29 Points To Win The First-ever Nba Vs. Wnba 3-point Challenge,,"**Replays/alternate angles** *I am a bot, and this action was performed automatically. Please [contact the moderators of this subreddit](/message/compose/?to=/r/nba) if you have any questions or concerns.*


*I am a bot, and this action was performed automatically. Please [contact the moderators of this subreddit](/message/compose/?to=/r/nba) if you have any questions or concerns.* || Steph showing the 8 dudes before how it‚Äôs done. || All I wanted was both to perform well cuz the slander would've been horrendous if one of them choked || Steph just walked in and did better than all 8 of the main competitors lmfao

Edit: Hell Sabrina walked in and tied the winner of the main competition, shooting from deeper than she normally does. What a W event. || All Star Saturday 3pt shooting really has become the main event. This was a huge W for both players. Kudos to them for putting themselves out there for our entertainment. || [deleted] || Basically Dame won the regular contest cuz Steph didn't do it lol || dawg, Kenny is being insufferable || Steph hates Women confirmed || Kenny is on his Skip Bayless level of hate right now || This was fun. I want more WNBA v NBA shooting contests in the all star weekend! || Kenny needs to shut up. || holy shit kenny smith is fucken annoying || steph score more points than the actual contestants. 

they should just do this where he‚Äôs the final boss for the winner. 

sabrina also scored more than the guys did. || Has Kenny Smith shut his mouth yet? || Sabrina cooked tho can‚Äôt lie about that || MOST CLUTCH STEPH MOMENT LOWKEY

He had to be nervous lol || Kenny needs to shut the fuck up || Kenny was fucking embarrassing. What the hell was that lmao || Kenny hating is so annoying",2024-02-17
"[Poole] Even after four NBA championships, Stephen Curry yearns for a fifth ring. ‚ÄúHonestly, it‚Äôs the only thing I‚Äôm really playing for at this point. It‚Äôs the only thing that matters in the sense of accomplishment.‚Äù",,"[removed] || What do you want him to say? He really wants to break the 3 pointers made record even further? || riveting journalism || Often I sit.. and yearn. || Trade yourself to Denver and play off Jokic. It will work. || seeing Curry get a 5th ring by himself would be fucking crazy. || Professional athlete wants to win championships, more at 11. || Winning another without Durant cemented him into the next tier. I‚Äôm not sure winning a 5th is an equal jump, but would likely put him securely above Kobe and Shaq, which would be pretty cool. 

Honestly, him winning a 5th will mostly just sting Klay, in a perverse way. || He gotta tell the front office this tbh. Because we still got no true big and 2nd scoring option and it‚Äôs been like 3 years now || Imagine Steph retiring with more rings than LeBron.


Edit: and in less Finals appearances too lmao || [nba player] to wants to [win accolade] fuck me a room full of monkeys with type writers could come up with this || Makes sense lol || NBA stakes need to be higher. The team that wins the championship should be able to take the salaries of the worst team. || If he not playing for money then take the league minimum and sign a superstar. || If Curry wins that 5th chip we better see him in those top 10 talks. Tired of ppl placing him in 11th and 12th ü§¶‚Äç‚ôÇÔ∏è || A KINGDOM FOR A HORSE!!! || Fuck off man save some for everybody else || oh Jordan Poole interviewed him || 4 aint enough? My franchise does not even have 4 in 80 years || Honestly it's nice to see stories about this. People joke but how many stories are dudes not giving af about winning.",2024-11-20
"[Charania] Olympic Last Dance together: LeBron James, Stephen Curry, Kevin Durant lead USA to Gold ‚Äì completing commitment they made to each other, Team USA and the country exactly one year ago.",,"it's crazy how dominant all three look on a team full of all-nba players || This entire tournament was such a beautiful ode to the LeBron/Curry/Durant era. A perfect swan song || You know Kerr got serious when they started spamming KD/Curry pick and rolls. || It must be demoralising to play so well on defence just for Curry to throw it in the air and score multiple consecutive threes || Lost in Steph masterclass, AD unbelievable defense changed the game. This was a fucking spiritual experience to watch. || They're all still so fucking good.

Which makes it all the more depressing that they're all gonna be contending for the play in next year. || I pray that they had a documentary crew this whole Olympics. Need my kids to grow up on a documentary of Bron, Curry, and Kd last dance || The avengers avenged us || This was this eras Bird, Magic & Jordan || The documentary gonna be crazy || Send the entire footage of this olympic run to the HOF || The one and only Big Three

Retired the moniker like Obama retired the thanks Obama meme. || that's all folks ü•≤ || Can we field these guys competitive NBA teams.. good lord they still have it let's see it in the playoffs || Ayesha please go crazy tonight || This is above the Redeem Team, for me.  Seeing these three play together was magical and, finally, being on the right side of Curry's magic is something I will never forget.  I really hope this invigorates love for the Olympics with the NBA for a long time. || It really felt like a movie, no scene cuts needed.  From Sudan, to Lebron, to Curry struggles, to Durant 8 for 8 to Curry saving the day.  Greatest team ever, best Olympics I've watched! || Put the Eiffel Tower in front of Curry, and he will still find a way to get the ball in. || Is it wild to anyone else that LeBron‚Äôs lasted long enough to feel naturally in the Steph/durant generation? Like even more so than the Wade/melo generation. || French Curry is the best. He went ballistic! Holy hell",2024-08-10
"[Wojnarowski] ESPN Story with @RamonaShelburne: Over a 24-hour window prior to trade deadline that included owner to owner conversations, the Warriors made an unsuccessful bid to convince the Lakers and LeBron James to consider a trade to pair him with Stephen Curry.",,"This is one of the most ‚Äúyou miss 100% of the shots you don‚Äôt take‚Äù things ever in the NBA || This sub would have gone into defcon 1 || Gotta shoot your shot ü§∑üèª || Draymond when he's teamed up with both is gonna be beyond insufferable lol || Also sixers called

Dunleavy Jr. was the second team executive call to Pelinka on a possible James trade, sources said. After seeing James' murky social media post of an hour-glass a week before the trade deadline, Philadelphia 76ers President of Basketball Operations Daryl Morey called Pelinka to probe on a James trade and was immediately told that James wasn't available. In fact, Pelinka responded by asking Morey if Joel Embiid was available, sources said || look i hate this as much as everyone but i would also have loved this so much. || The fucking Warriors really tried to do it again lmaooo¬† || That ‚ÄúLeBron trade request‚Äù and Rich Paul clarification didn‚Äôt come out of nowhere lol || This is like me shooting my shot with Sydney Sweeney for a Valentines date tonight || Born going to the warriors this offseason. We can‚Äôt stop it || The Warriors were eager to present a deal package to LA, but neither the Lakers nor James were ultimately willing to explore a potential blockbuster. Even at 39 years old, James is still playing at an All-NBA level that stirred the Warriors imagination about his ability to extend the window of the franchise's fading dynasty.

the Lakers ever wanted a temperature check on James' commitment, here was his chance to tell them. In the end, that answer for the Warriors and Lakers returned resoundingly on the eve of the trade deadline: Rich Paul told Lacob and Warriors GM Mike Dunleavy Jr., that James had no interest in a trade and wanted to remain a Laker, sources said. When Dunleavy Jr., reached out to Lakers GM Rob Pelinka in those pre-trade deadline hours, Dunleavy Jr., had been told the same: the Lakers wanted to keep James, sources said. || Draymond is beside himself. Driving around downtown San Francisco begging (thru text) || Extremely unsurprising that they called, that the talks were not *just* (although mostly) perfunctory, and that they got rebuffed.

LeBron at his age and stature might be the hardest player to value in the league: no one playing is more proven in the playoffs and he might win you the title year one. He also might pull a hammy and retire over the summer! 

Feel like at this point unless you're a legit cusp team any young players with true star upside aren't worth moving for him, which seems insane. || The meltdown that would have ensued on here if this happened.. || Lebron in a warriors jersey would break my feeble bronsexual mind || nah lmao geriatric steph and lebron would cook like fuck if the warriors somehow pulled it off || Numbers not enough, they should've tried to include FO members + janitorial staff to raise their chances. || The funniest timeline is these two becoming teammates || Lebron and Steph is a combo I‚Äôve always wanted to see. Shame a deal couldn‚Äôt have been made just to see how those two would work over the season || I wish it would have happened",2024-02-14
"[Post Game Thread] The Golden State Warriors (8-2) hang on to defeat the Oklahoma City Thunder (8-2), 127-116 behind Stephen Curry's 36/5/7","||
|:-:|
|[](/GSW) **127 -  116** [](/OKC)|
|**Box Scores: [NBA](http://www.nba.com/game/GSW-vs-OKC-0022400207/box-score) - [Yahoo](https://sports.yahoo.com/nba/scoreboard/)**|

||
|:-:|
|&nbsp;|
|**GAME SUMMARY**|
|**Location:** Paycom Center (18203), **Clock:** Q4 :00.0|
|**Officials:** Pat Fraher, Justin Van Duyne, and Intae Hwang|

|**Team**|**Q1**|**Q2**|**Q3**|**Q4**|**Total**|
|:---|:--|:--|:--|:--|:--|
|Golden State Warriors|26|39|42|20|127|
|Oklahoma City Thunder|33|25|21|37|116|

||
|:-:|
|&nbsp;|
|**TEAM STATS**|

|**Team**|**PTS**|**FG**|**FG%**|**3P**|**3P%**|**FT**|**FT%**|**OREB**|**TREB**|**AST**|**PF**|**STL**|**TO**|**BLK**|
|:--|:--|:--|:--|:--|:--|:--|:--|:--|:--|:--|:--|:--|:--|:--|
|Golden State Warriors|127|45-89|50.6%|21-43|48.8%|16-23|69.6%|13|57|35|26|8|14|3|
|Oklahoma City Thunder|116|42-94|44.7%|11-33|33.3%|21-26|80.8%|14|51|25|18|4|11|6|


||
|:-:|
|&nbsp;|
|**PLAYER STATS**|

||||||||||||||||
|:--|:--|:--|:--|:--|:--|:--|:--|:--|:--|:--|:--|:--|:--|:--|
**[](/GSW) Golden State Warriors**|**MIN**|**PTS**|**FGM-A**|**3PM-A**|**FTM-A**|**ORB**|**DRB**|**REB**|**AST**|**STL**|**BLK**|**TO**|**PF**|**¬±**|
|Andrew Wiggins^SF|34:49|18|6-14|2-4|4-6|5|3|8|5|3|1|0|3|21|
|Draymond Green^PF|30:29|8|3-5|2-3|0-0|0|4|4|11|0|0|3|4|8|
|Trayce Jackson-Davis^C|04:43|2|1-2|0-0|0-0|0|2|2|0|0|0|0|0|-6|
|De'Anthony Melton^SG|26:26|19|5-11|5-8|4-6|2|8|10|2|3|0|4|2|8|
|Stephen Curry^PG|36:08|36|13-23|7-13|3-4|1|4|5|7|1|1|3|2|21|
|Gary Payton II|12:17|7|3-3|0-0|1-2|1|0|1|1|0|0|1|5|2|
|Kyle Anderson|20:24|6|2-6|0-2|2-2|2|3|5|5|1|0|0|0|7|
|Buddy Hield|21:10|8|3-8|2-5|0-0|1|4|5|2|0|0|0|4|4|
|Jonathan Kuminga|26:01|20|8-11|2-4|2-3|1|4|5|1|0|1|2|2|7|
|Brandin Podziemski|15:05|0|0-2|0-1|0-0|0|1|1|1|0|0|1|4|-10|
|Moses Moody|10:38|3|1-4|1-3|0-0|0|0|0|0|0|0|0|0|-7|
|Kevon Looney|00:00|0|0-0|0-0|0-0|0|0|0|0|0|0|0|0|0|
|Gui Santos|00:00|0|0-0|0-0|0-0|0|0|0|0|0|0|0|0|0|
|Lindy Waters III|00:00|0|0-0|0-0|0-0|0|0|0|0|0|0|0|0|0|
|Reece Beekman|00:00|0|0-0|0-0|0-0|0|0|0|0|0|0|0|0|0|
|Quinten Post|00:00|0|0-0|0-0|0-0|0|0|0|0|0|0|0|0|0|
|Pat Spencer|00:00|0|0-0|0-0|0-0|0|0|0|0|0|0|0|0|0|
**[](/OKC) Oklahoma City Thunder**|**MIN**|**PTS**|**FGM-A**|**3PM-A**|**FTM-A**|**ORB**|**DRB**|**REB**|**AST**|**STL**|**BLK**|**TO**|**PF**|**¬±**|
|Luguentz Dort^SF|29:38|16|6-11|3-8|1-1|1|5|6|3|1|1|0|4|-9|
|Jalen Williams^PF|31:18|20|9-15|0-2|2-2|1|2|3|4|1|4|4|2|-19|
|Chet Holmgren^C|05:10|0|0-3|0-2|0-0|0|4|4|0|0|0|0|0|4|
|Aaron Wiggins^SG|18:23|9|3-8|3-4|0-0|1|1|2|3|0|0|1|2|-18|
|Shai Gilgeous-Alexander^PG|33:44|24|6-17|0-2|12-14|1|4|5|4|0|1|4|0|-11|
|Isaiah Joe|22:13|10|3-7|3-6|1-1|1|3|4|2|0|0|0|2|8|
|Alex Caruso|22:14|3|1-5|0-3|1-2|2|1|3|4|1|0|0|2|-17|
|Cason Wallace|29:56|16|6-10|2-2|2-2|1|1|2|0|0|0|0|2|-3|
|Ajay Mitchell|20:14|12|5-9|0-1|2-2|0|2|2|1|1|0|1|1|5|
|Ousmane Dieng|10:43|2|1-5|0-2|0-0|2|2|4|2|0|0|0|2|4|
|Dillon Jones|14:36|4|2-4|0-1|0-2|4|2|6|2|0|0|1|1|1|
|Malevy Leons|00:00|0|0-0|0-0|0-0|0|0|0|0|0|0|0|0|0|
|Alex Ducas|00:00|0|0-0|0-0|0-0|0|0|0|0|0|0|0|0|0|
|Adam Flagler|00:00|0|0-0|0-0|0-0|0|0|0|0|0|0|0|0|0|
|Isaiah Hartenstein|00:00|0|0-0|0-0|0-0|0|0|0|0|0|0|0|0|0|
|Nikola Topiƒá|00:00|0|0-0|0-0|0-0|0|0|0|0|0|0|0|0|0|
|Jaylin Williams|00:00|0|0-0|0-0|0-0|0|0|0|0|0|0|0|0|0|
|Kenrich Williams|00:00|0|0-0|0-0|0-0|0|0|0|0|0|0|0|0|0|","I don‚Äôt give a shit how old Curry is‚Äîthat man will be deadly from 3 until the day he retires. Just an unreal player. || This game has no business ending this close

We had a 30 pts lead by the end of the 3rd quarter || OKC the entire 4th q: ""THE DEVIL NAMED STEPH CURRY IS HURTING US!"" || Bro. I've been watching Shai actively try to get fouled all season. Just play like last season because if your own fans are noticing it you need to chill. || It's 2030 and 42 years-old Stephen Curry would still be shooting 3-pointers to end other teams || Shai 24 points on 14 FTA is fucking nasty work || I did not expect the Warriors and the Thunder to have identical records at *any* point of the season. I thought the Warriors were a play-in team again at best. Now they're 8-2 with wins over Boston and OKC back to back? What is happening? || I miss the olympics when Steph wasn't doing this against my team || GG warriors, hopefully Chet is not out for long because playing small ball 48 minutes a game will not be fun || Curry outplayed Shai, and that was honestly the difference that decided this game || I never want to see the Warriors get another 30 point lead in my life.

Wtf? || You *cannot* take the foot off the gas against this Thunder team, their defense was absolutely stifling. Without Steph's clutch 3s I think Thunder complete the comeback. || Crazy that Steph needed to come back into the game to finish it. Those okc bench guys can all play. 



I'm salty about Shai's whistle man, rivals prime Harden's. Most stars can get away with the pushoff but his is like completely throwing the defender. I feel like his game doesn't need to foul bait that often to be effective. || Watching the Niners, Warriors and Cal win but blow large leads signals that‚Äôs enough sports for one weekend || SGA was literally shoving defenders off their legal guarding positions and getting free throws... || OKC has 3 injured centers so we‚Äôre just OK now :( || This Warriors team is legit for the regular season. Not sure this deep rotation will stand up in the play-offs, 1 piece away from a run? || Death taxes and Steph curry torching the thunder are all things that are guaranteed in life . Really hope Chet is okay || getting outscored by 17 in the fourth, just normal warriors things || Steph: 36pts, 4 freethrows (1 off a take foul and 3 in garbage time)

SGA: 24pts, 14 freethrows

EDIT: OKC lost Chet like 3 minutes into the game and fought back from down 28pts. I'm just petty because SGA always writes corny ahh captions on Insta when the Thunder beat the Warriors",2024-11-10
"[Charania] The Golden State Warriors have agreed to a deal acquiring Buddy Hield via sign-and-trade from the 76ers, sources tell @TheAthletic @Stadium. New teammates Hield and Stephen Curry are leaders for most 3-pointers made over the last 5 NBA seasons ‚Äì and now will be teammates.",,"Splash Buddies lol || This is like when Kim left Kanye and he replaced her with a clone || Follow up tweet:

> Warriors are sending a 2031 Dallas second-round pick to Philadelphia to complete sign-and-trade for Hield

https://twitter.com/ShamsCharania/status/1808928083749044710 || Splash buddies are here || RIP my dream of more Moses Moody minutes || GSW replacing CP3 and Klay with Melton, Hield, and Slow Mo is honestly some solid work.

Obviously still not title contenders and idk if they can even make a move that makes them title contenders but those are some solid moves.

Edit: [ESPN Sources: Free agent Buddy Hield is joining Golden State on a sign-and-trade deal guaranteed for two years and $21 million. Hield gets $18M in first two years, a $3M partial guarantee in 3rd year and player option on non-guaranteed 4th year. Warriors send Sixers 2031 second via Dallas.](https://x.com/wojespn/status/1808932735819657226?s=46&t=sbk6yuyliVaFRQjBUBJCMQ)

Player option on a non-guaranteed 4th year? How tf does that work

Like could Buddy pick up the option and then the Warriors just waive him since it‚Äôs non-guaranteed?

So this is around 4/36m, with only the first 2 years fully guaranteed, $3m guaranteed in year 3, and $0 guaranteed in year 4 but Buddy somehow has a player option also || Splash step bros || This will be fun, I feel like buddy going to perfect spot for him || If they also get Lauri too that‚Äôd be crazy || they got a lot of players who need mins

steph, draymond, kuminga, wiggins, trayce, melton, buddy, moody, kyle, gp2, podz || Splash Step Brother || 3s never left the menu || We can recreate them in the aggregate || does this have any impact on the Warriors ability to go after Lauri? || Splashson || BIG LIKE KLAY, SHOOTS LIKE STEPH üó£Ô∏èüó£Ô∏è || Damn, I might to apologize for my statements about MDJ || No details on the actual contract yet, huh.  I wonder if it‚Äôs still being worked out. || Given the situation he was dealt with since last season, Dunleavy been making some really good moves. If he can somehow get Lauri without giving up Kuminga..... || Goodbye splash brothers

Hello ripple brothers",2024-07-04
NBA.com‚Äôs updated MVP Ladder: 1. Nikola Jokic 2. Jayson Tatum 3. Kevin Durant 4. Shai Gilgeous-Alexander 5. Anthony Davis 6. Stephen Curry 7. Giannis Antetokounmpo 8. Luka Doncic 9. Donovan Mitchell 10. LeBron James,"[Source](https://www.nba.com/news/kia-mvp-ladder-nov-15-2024-edition)

1. Nikola Jokic 
2. Jayson Tatum 
3. Kevin Durant 
4. Shai Gilgeous-Alexander
5. Anthony Davis 
6. Stephen Curry 
7. Giannis Antetokounmpo
8. Luka Doncic 
9. Donovan Mitchell 
10. LeBron James



Closing in on the end of the first month of the season, do you have any disagreements?","Durant moving up from 6th to 3rd because the Suns lost 2 of 3 while he's injured is certainly a take. || People who have watched the Cavs play know Garland has been their best player so far || Luka shouldn't be above Kyrie. But we're 5-7, neither should be on the list. || Curry creeping up and Durant is top 3 the old heads refuse to go quietly || Hold up Jokic is out tonight. Time to drop him to 6th. || People getting upset about an mvp ladder 12 games into the season is hilarious || where is Jared McCain ? || They missed Robert Williams III || I hear the best thing for voter fatigue is that all Nikola Jokic voters should take a voter vacation this season and come back stronger in 25-26 || Luka not even trying to play defense. Ofc he shouldnt be in mvp consideration thats so dumb. || Mvp race standings never really matter after the first or second person. || Dread it, run from it, Jokic still arrives all the same || Unironically Darius Garland should be above Donovan Mitchell || Damn no one arguing Tatum is too high? Where the hell is everyone? || AD should at least be fourth || Luka doesn‚Äôt deserve to be in the top 10. He‚Äôs shooting 42% from the field, 32% from 3, and plays 0 defense. || SGA will pass KD due to games played, and I expect the Jokic/Tatum/SGA trio to be the Top 3 for the rest of the season. || Mitchell getting slept on methinks || I'd definitely put AD above anyone not called Jokic and Tatum right now. He is clearly the best two-way player in the league and has been very motivated and driven so far. || I‚Äôd put Steph top 5 for now, slide KD down due to injury. Jok/JT/Shai/Steph/KD/AD in that order",2024-11-15
"[Charania] ""At this point Stephen Curry versus Sabrina Ionescu is very likely for next year...I'm told with Caitlin Clark and potentially Klay Thompson to make it 2v2.""",,"Should also add in a legends 3 point contest. Just make all star weekend a celebration of basketball and its history. Let‚Äôs stop pretending there will ever be an actual competitive game played. || Wonder if they‚Äôre bringing back Kenny too lol || I would add a 9 hole stroke play competition as well || All the people ragging Klay forget this is basically a wrestling promotion and the all star game will be in San Francisco. Only two teammates for Steph that make sense are Klay and Dame.¬† || Nice of the NBA to partner with Make-A-Wish and invite Klay || This is dope as hell. Can‚Äôt wait to watch it. Best event from all star weekend || Yo, can we get Alyssa Thomas in the Skills competition? She's like the Jokic of the WNBA. Sabrina's only the third best player on her team. || Why‚Äôs everyone acting like Klay not a top 5 shooter of all time || The disrespect to Klay here is unreal || Love how Steph is pushing the women‚Äôs game.  Kudos to him. || Make it a three round shoot off where each person is teamed with each of the others for a single round:

Round 1 Curry and Klay vs Ionescu and Clark

Round 2 Curry and Clark vs Ionescu and Klay

Round 3 Curry and Ionescu vs Klay and Clark || People bitching about this as if Stephs event wasn‚Äôt the highlight of the weekend. I guarantee this will be the most watched event

Sorry no one likes to watch your boring ass all stars not try during the skills challenge or the all star game || it's crazy how much difference 2 percentage points can make in terms of perception. 

Klay is top 5 in total threes made this season, shooting 38% from three, 43% from the field. Not crazy efficiency, but certainly still above many so called 3 point specialists. 

If he's even shooting the three at 40%, and shooting 45% from the field, we would not be having any of these horrible comments in this thread about Klay. || Why Klay lol.

&#x200B;

Dame won this thing back to back years. || Klay was the top 3p shooter last year and is #4 this year (volume, not percentage, obviously). || Klay is still a better 3pt shooter than your favorite player not named Steph Curry. Ya'll be hating for no reason. || [removed] || Make it a 3 v 3 with a Kevin Hart and Draymond Green rematch since we‚Äôre going full circus || Absolutely crazy that people are saying that having the splash brothers on a team isn't good enough. || Comments full of toddlers acting like Klay isn‚Äôt the 2nd best shooter all time. He had 2 career ending injuries back to back, spare me his percentages this season and don‚Äôt cap like you won‚Äôt watch him shoot. All star Saturday as an event is more washed than Klay",2024-04-02
The Ringers updated top 100 players in the NBA: 1) Nikola Jokic 2) Luka Doncic 3) Giannis Antetekounmpo 4) Shai Gilgeous Alexander 5) Joel Embiid 6) Jayson Tatum 7) Stephen Curry 8) Kevin Durant 9) Anthony Davis 10) LeBron James 11) Anthony Edwards 12) Jalen Brunson 13) Devin Booker,"[Full top 100 here](https://nbarankings.theringer.com/)

1) Nikola Jokic 

2) Luka Doncic 

3) Giannis Antetekounmpo 

4) Shai Gilgeous Alexander 

5) Joel Embiid 


6) Jayson Tatum 

7) Stephen Curry 

8) Kevin Durant 

9) Anthony Davis 

10) LeBron James 

11) Anthony Edwards 

12) Jalen Brunson 

13) Devin Booker

14) Jaylen Brown

15) Victor Wembanyama 

16) Donovan Mitchell

17) Tyrese Haliburton

18) Kawhi Leonard 

19) Jimmy Butler

20) Bam Adebayo

21) Zion Williamson 

22) De‚ÄôAaron Fox

23) Paul George 

24) Ja Morant 

25) Domantas Sabonis","Ringer rankings are so much better than espn 

They have jdub and chet flipped rightfully with jdub ahead || Am I crazy for not hating this list? || Well this list is better than the one ESPN has released so far..but that‚Äôs not saying much. || Pascal gotta get some respect man || A permanently injured Kawhi at #18 is criminal negligence. The idea of a healthy Kawhi on your team might be nice but he just isn't healthy anymore. || Finally they have AD listed above LeBron. Long overdue

Murray at 29 is still way too high. He continues to be massively overrated. || Where is trae son || Bron is 87 1/2 years old and still top 10 || Jesus theres a jump scare at the 100 spot || Not a bad list, though Trae at 34 is definitely debatable. Statistically Traes been easily a top 15 player the past couple seasons.¬† ¬†


Ja at 24 is also low but understandable due to last seasons ""circumstances"".¬† I predict Ja will have a huge year and be back in the top 10 convo this season. || They had Tatum above Embiid in their last update, but now that Embiid announced he won't play back-to-backs for the rest of his career, they had to move him back up. Makes sense. || And once again, the Trae Young disrespect continues on. || I think Shai is overrated. || Trae Young not on here is blasphemy. || I‚Äôm not sure if this is a hot/ super biased take but Trae Young should be on the list over Sabonis || Jamal Murray at 29 LMAO || I know it‚Äôs crazy for me to say as a suns fan, but I think Booker is better than Brunson at everything and better than Edwards (currently) at most things || think I agree with all of these guys as being top 25 players though I would personally remove Sabonis and George for Trae and one of Lillard/Kyrie

I have no comment on the order, opinion will vary wildly but I think everyone is roughly around the range I would have them || Randle out of the top 50 is just disgusting || What happens when Wemby misses the playoffs? Do fans turn on him year 2 or does he get more hyped?",2024-10-16
[NBA] Golden State Warriors guard Stephen Curry is the recipient of the Jerry West Trophy as the 2023-24 Kia NBA Clutch Player of the Year.,,"he's got a Jerry West, Kobe Bryant, Magic Johnson, Kareem and Bill Russell trophy at home || In the clutch this season:

* Curry: 189 points in 143 MP (60 per 100 poss) on 69 TS%
* DeMar: 182 points in 192 MP (47 per 100 poss) on 63 TS%
* Shai: 112 points in 108 MP (48 per 100 poss) on 71 TS% || He‚Äôll get a trophy this year after all. || curry brand went back 2 back for clutch player of the year lmao || deserved!

>*Steph Curry this season:*

>***‚Ä¢ 1st in Clutch PTS***  
***‚Ä¢ 1st in Clutch FGM***  
***‚Ä¢ 1st in Clutch 3PM***  
***‚Ä¢ 1st in Clutch PTS per minute***  
***‚Ä¢ 1st in Clutch PTS when trailing***  
***‚Ä¢ 1st in Clutch FGM when trailing***  
***‚Ä¢ 1st in Clutch 3PM when trailing***  
***‚Ä¢ 50/45/95% Clutch shooting splits***  
***‚Ä¢ 1st in Clutch 3PM in a single season***  
***‚Ä¢ 1st in Go-Ahead FGM in final minute***  
***‚Ä¢ 1st in Go-Ahead FGM in final 10 seconds***

>[source](https://twitter.com/30_Dynasty/status/1782189446235869318) || [deleted] || But did he do it in the last 2 seconds of the game, with his right hand tied behind his back, his shoes untied, sun in his eyes, and Theo von as his second option? || I'm just here for the tuna comments || Famously unclutch player, 2022 Finals MVP and 2024 NBA Clutch Player of the Year Stephen Curry

Haters in complete, absolute shambles || I‚Äôm a Lebron fan but after hate watching many Warriors games this season, this is a well deserved award for Steph. Some of the most absurd clutch shotmaking I‚Äôve ever seen minus the Nuggets game. || Steph is just one of the best to ever do it. I do not find it unreasonable to put him on your Mt Rushmore or top 5. || Oh man, Steph Curry winning *this* award is rubbing a lot of you the wrong way üòÇ

All those years of spamming ad nauseam 'he's a choke artist' and now he has hardware that says your long standing belief may not be true? Cognitive dissonance can be a bitch! || Warriors get some good news and r/nba shows its ass

Can‚Äôt wait for Denver to go through this in a couple of years!! || Well deserves, I was worried he would be robbed. || Congrats Steph!! || My man. || Well deserved congratulations Steph || Celebrating DeMar for getting 2nd || R/NBA is salty lmaoooo ya‚Äôll can cry || [removed]",2024-04-25
"Stephen Curry, Kevin Durant, Anthony Edwards Were Drug-Tested After Team USA Won Gold Medal",,"They must‚Äôve thought Curry was on CRACK after he shot that last 3 over two defenders. || Tested positive for Dawginem || What would happen if one player in a team sport like this tested positive? Would that void the medals for the whole team, or just them?

What if the one player scored 2 points on like 1-8 shooting in the medal game, and wasn't impactful at all? Or what if the one player scored 27 on like 11-14 shooting and made the winning basket? || I mean, I'm surprised they didn't test all of the players in the final game, both sides. It's the IOC, they test the athletes all the time, and pretty sure after all metal games, not just basketball. || Even the IOC knows not to test LeBron. || anonymous tip from tayson jatum || Curry did play like he was on something.¬†


¬†Surprised¬†LeCaptainAmerica wasn't tested.
He is an unusual 39 yr old basketball player to say the least. || Tatum left out again. Guy can't catch a break || fair enough || Fun fact - Steph had to be tested twice since his first test seemed suspicious. The second test confirmed the results of the first which is Stephen Curry is in fact cold blooded. üòé || Steph Curry tested positive for being Gold Blooded || The fact that this is noteworthy shows that there isn't enough drug testing in the NBA. || Hopefully not for weed || All NBA players are on something, it's naive to believe otherwise.¬† || Tbh I‚Äôd have probably tested the 40 year old trucking everyone lol || what kind of drug allow someone to shoot like Steph Curry? I like to know. || Well when you got a team of 12 guys and their best players are the 3 old guys, it does seem sus.

That said KD and Steph are shooters so it kinda makes sense. And Lebron...is just a genetic freak. || But not LeBron James lol? Ok‚Ä¶. We‚Äôll all just pretend he isn‚Äôt on gear (and has been for a while). || LeBron ?? || if one player would test positive for something do all of them lose medals?",2024-08-21
"[Charania] Milwaukee Bucks All-Star Damian Lillard has agreed to a lifetime contract extension with Adidas, sources told ESPN. Lillard now joins LeBron James and Kevin Durant (Nike) and Stephen Curry (Under Armour/Curry Brand) as active NBA players with lifetime shoe endorsements.",,"NBA Cup and joining the Bron/Curry/KD Big 3 with lifetime contracts?

Generational 24 hours run for Dame Dolla || >Milwaukee Bucks All-Star Damian Lillard has agreed to a lifetime contract extension with the franchise

I was like wtf? || ""Free shoes for life!""
-Giannis probably- || [deleted] || Lillard's actually got my 2nd favorite shoes of all-time after the D Rose line || And yall said the NBA cup is dumb. || Having a sparkling reputation with the media and in general gets athletes paid.

Dame went through an ugly divorce and came out the other side pretty unscathed, i feel like Adidas saw that and was like ""this dude isn't going to do something disastrous to injure the brand any time soon"" while looking nervously over their shoulders at Ant. || Forever Dame Time || Yall think Steph would be even bigger than he is if he didn‚Äôt sign with Under Armor or nah || Dame time for life || NBA Cup champion* Damian Lillard || Nothing beats those classic 3 stripes, the Balkan in me can't help it || I don‚Äôt really see why now would be the time to give him a lifetime contract || Well we better retro the Dame IV‚Äôs. ASAP. || Good I love his shoes. His and Derrick roses shoes are the only ones that feel good on my feet while playing || can anyone tell me what this actually means. Like what does the contract actually say not this clickbait lifetime deal. || I‚Äôm confused on the total payout for the lifetime contract tho || I hear Dames are great for people like me with chode feet, so this is great news || [deleted] || Thought buddy won the nba cup and decided to be a buck for life",2024-12-18
"[Slater] It‚Äôs been a layered 5-yr path to this divorce finalizing in the last couple weeks, where among conversations Klay had, league sources said ‚Äî was a request of Stephen Curry not to exert his significant organizational influence & up the temperature with management to ensure Thompson‚Äôs return","[Source](https://www.nytimes.com/athletic/5605834/2024/07/02/klay-thompson-warriors-split/)

&nbsp;

> It‚Äôs been a layered five-year path to this divorce, splintering last season, sprouting earlier and finalizing in the last couple weeks, where ‚Äîamong the conversations Thompson had, league sources said ‚Äî was a request of Stephen Curry not to exert his significant organizational influence and up the temperature with management to ensure Thompson‚Äôs return. Curry‚Äôs measured voice, even if it altered the outcome, wouldn‚Äôt change the genuineness of Joe Lacob and the front office‚Äôs true desire to have Thompson back.

&nbsp;

> Controlling owner Joe Lacob led a front-office effort to take a cold, mostly uncommunicative approach to Thompson‚Äôs next contract in his three summers of extension eligibility, team sources said, which isn‚Äôt separate from their norm. Lacob has done similar in the past with Curry, Kerr, Bob Myers, Andre Iguodala and Green, using dwindling time as a weapon but ultimately paying up (he put a substantial offer on the table for Myers) after a staring contest.

> Thompson operates on his own wavelength. The Warriors‚Äô decision-makers were warned that a drawn-out negotiation into July during this free-agent cycle wouldn‚Äôt be met the same way. He wasn‚Äôt trying to leverage his way back until the bitter end. 

&nbsp;

> But his decision, as one source put it, became easy when the Warriors kicked him down the summer pecking order.

> There was little communication between Thompson, the Warriors and Thompson‚Äôs agent, Greg Lawrence, and ultimately no offer in this cycle. Warriors sources maintained a plan to eventually make a competitive offer in relation to his market once other business was settled. But they never had the chance. Many league sources said Thompson‚Äôs decision to depart was unofficially made weeks ago.","love that Perk yesterday was scorching Steph for not using his power on the Klay situation when apparently he was specifically asked by Klay not to do that.  It makes sense.  Klay wanted the Warriors to prove they wanted him for him, not because Steph told them to. || Slater is a wonderful reporter, but he needs an editor lmao. What the hell does the title even mean? Two commas and an em dash later, I have no idea who asked curry to not ‚Äúup the temperature on management.‚Äù || I think I will have a Beefy 5-Layer for lunch today. || With all due respect, with the performances Klay had last year, his Achilles and ACL, and the performance he had vs the Kings, Klay thought he had way more leverage than he really did honestly. || I think I had a stroke reading that title. What is he even trying to say? || I think its perfectly defensible that the warriors were trying to make a big move to add a true #2 guy, and that they'd come back to Klay after they figured out what was viable. || Although klay played really well during his stretch on the bench, it was pretty evident he did not want to come off the bench. Was too prideful to give up his starting spot. 

The tantrums and ripping into the coaches for that decision as mentioned in the article signaled the beginning of the end. || curry deserves to be anointed sainthood for all the bull s\*\*\* he's been dealing with both on and off the court these last couple of years and said not a damn word publicly or even on social media like we see with so many athletes in this day & age || Can anyone explain this in English? || I know everyone is saying this is a hit piece, but I‚Äôve watched a lot of Warriors games over the past 11 years and his attitude these past few years has been pretty awful for a team to deal with, and that‚Äôs just from what I know from games/interviews. I know it‚Äôs tough to deal with two major injuries back to back but dude has taken no accountability for his play/literally losing them regular season and playoff games. Still sad to see him go, incredible to watch when he‚Äôs on || I remember when journalists could write a proper sentence. || This article was painful to read through and understand || Seems like the Warriors essentially had two paths (the ""flexibility"" that dumping Poole for CP3 granted them):

1. Trade CP3. That would mean they'd be over the tax line, so re-signing Klay wouldn't cost them anything but money.

2. Waive CP3. That puts them below the tax line, and re-signing Klay would hinder their ability to add other players (for example, using the NTMLE).

The Warriors were waiting to see how that unfolded before approaching Klay, and Klay (reasonably) didn't like that he was more of an afterthought than a priority. || It's always so overdramatic. It's always the same:

Player want keep playing for same amount or more money. Team no want that || It was a layered five-year path to read that headline too. || This is horribly written || Honestly,

Klay wanted to see if the Dubs wanted him. Steph of course wanted his boy.

Klay was ready to move on. I think it‚Äôs best for him. The only one who is staying and of value is Steph in the Dubs eyes. || What is this word salad can someone ELI5 || What the fuck is he saying || Steve Kerr said Klay was ""no maintenance"" earlier. Klay probably felt like the organization has kept going out of it's way to support Draymond and didn't extend a warm hand to him.",2024-07-02
"[MagicJohnson] Congratulations to Stephen Curry on winning his second PBWA Magic Johnson Award... By the way @StephenCurry30, I had fun hanging out with your mom last night at the Sparks home opener!","Magic Johnson üéâ Congrats Stephen Curry on winning his second PBWA Magic Johnson Award honoring a player and mentions his mom in the passing.


Curry adds another accolade to his long list of accomplishments. Congrats to him 

Link to the Tweet: https://x.com/magicjohnson/status/1791204249910882619?s=46&t=tcdjeZK1IFjxzBNniQf-NQ","Magic Johnson version of a ""yo mama"" joke. They're tamer than most. || Know he didn't mean it like that, but the phrasing is wild || Stephen Curry wins the Magic Johnson Award and Magic Johnson wins the Sonya Curry Award. || [deleted] || Magic outta pocket for that one || Magic a savage || ""Hey Steph, your mom was quite nice last night"" || >By the way @StephenCurry30, I had fun hanging out with your mom last night

Oh hell naw, ai magic Johnson need to chill || Damn, chat gpt got an update || Magic Johnson is the bull || No way MagicGPT is writing this one... he's trying to beat the allegation finally. || Magic Johnson asserting dominance in the GOAT PG debate with this mom joke. || This man one of the funniest people ever || Jesus... || I know it‚Äôs not what he meant but I laughed way too hard at the ‚ÄúI hung out with your mom last night!‚Äù comment. || ""Say hi to your mother for me"" || Oh hell no || Curry can never catch a break, man lol || This is a Magic all timer || This isn't even funny. Magic broke the bro code",2024-05-16
Anthony Davis after Team USA‚Äôs win over Serbia:  ‚ÄúGot two words. Stephen Curry. Joel Embiid.‚Äù,"AD said this to reporters after team USA‚Äôs comeback win over Serbia, sending them to the gold medal game. Steph, LeBron, and Embiid all had excellent games: ‚ÄúGot two words. Stephen Curry. Joel Embiid.‚Äù

Now if that ain‚Äôt the most Charles Barkley comment ever lmao https://twitter.com/marcjspears/status/1821650908742066543?s=46&t=Yz2rcBHCRvce95ldv9YOyw","That's 4 words Chuck || Imagining Shaq laughing his ass off to that ‚ÄúWHATCHU SAY CHUCK?‚Äù üò≠ || For those that don‚Äôt know:
https://youtube.com/shorts/dk63L47b2BM?si=K-PtDxAdyFBcNh_C || There's 3 kinds of people, those that understand math, and those that don't. || ""I throw balls far. You want good words? Date a languager."" || MUST SEE TV || Charles Barkley somewhere smiling || great quote imo || thats 4 words AD || Steph Curry and Joel Embiid, must see TV || AD stands for Auburn eDucation || Been waiting for the steph game and we got it || ""I got two words for you. Stephen Curry. Joel Embiid. Paris 2024 Olympics. Thursday. Basketball. Shooting. Passing. Defending. Serbia. Bad. USA. Good."" || I live by two words.  Fuck you.  Pay me. || Kentucky education moment || ‚ÄúTwo words isn‚Äôt always two words. I‚Äôll explain later.‚Äù

- Anthony Davis || Must watch TV || Damn r/NBA having a rough day because of Joel. Gotta love it. || Two words: My balls was hot. || 9 words: Steph Curry, LeBron James, Kevin Durant, and Joel Embiid",2024-08-08
"[Highlight] Every time Stephen Curry hit the ""night night"" celebration on his opposition in his career.",,"**Replays/alternate angles**


*I am a bot, and this action was performed automatically. Please [contact the moderators of this subreddit](/message/compose/?to=/r/nba) if you have any questions or concerns.* || The Boston night-night was the absolute craziest thing. Considering it was for a championship, but also THREE MINUTES+ left in the game! ü§Ø || This is going to be very nice to watch when Curry and his jersey are retired, and can no longer hurt me. || his postgame presser he joked that he thought for a second he might've fudged his perfect ""Night night"" streak when Grimes hit the 3 on him on the other end, but they ended up winning the game so he's still perfect whenever he pulls out the celebration || How do you not have the Olympic one? || Surprised is only 4 minutes long lol || This man is a basketball terrorist üòÇ || Has he ever lost after doing that? || I love the reaction from the coach on the 4th one (against the rockets) so fucking much || I hate this man, he's so entertaining to watch until you watch the dreaded skyfucking 3 against your team || The night-night has to be the most devastating and awesome celebration. || This is what happens when you've nothing to prove and a lot to be accomplished!!!! When he's done he‚Äôll for sure be in the top 5! üêê || This guy is insane bro. 2024 and he hasn‚Äôt slowed down all that much || How is the Olympic one missing from this? || Is it crazy to say he‚Äôs back to being the number 1 pg over Luka in the nba || So far he's never lost a game after the celebration, a couple have made me nervous || You just know they going to massively f\*\*k up his night night statue. || If he did this in the 2016 finals over K. Love he might have 5 rings right now || Great compilation.

He also hit it against France when he hit 4 threes back to back. || He didn't even start doing this that long ago lol",2024-11-13
Stephen Curry with 3 PTS 1 REB 4 ASTS 4 PFS on 1/9 FG (11%) 0/6 3PT (0%) 1/1 FT (100%) splits in 21 minutes against South Sudan,,"Kerr benched him for good as soon as he saw that last 3 pointer where he got absolutely STUFFED by his defender despite his stepback || Somebody give Curry a #30 jersey or some shit they got to try something because he can't hit a fucking shot. || What not being able to spin a ball on your finger does to a man || he was playing intoxicated i‚Äôve seen those eyes before. put the bottle down Wardell. || ive seen enough, deport him || My guy been struggling || He was COOKED today || Brother finally realised this is a Charity tournament || Bam making 2 more threes than Steph is crazy || Between this and Embiid not playing, this is r/nbacirclejerk 12/25 || Gonna be a long Olympic tourney if we're going to highlight every bad game from someone on the roster. || His defense was awful in the second half leaving guys open and getting cooked by Carlik jones || This doesn‚Äôt summarize the worst defence I‚Äôve ever seen. Couldn‚Äôt guard a 6‚Äô1 170lb soaking wet dude from South Sudan. || Someone give Curry Draymond Green ASAP || Cooked on d too || Bro did not look good today, idk what it is but his style isn't meshing with the other stars, he keeps running into his own teammates on offense lol || Triple Single Curry || The one 3 he made didn't count lmao I know that's pain || Chef Curry without the spice || The bench doesn't have enough seats",2024-07-31
Steph Curry praises Kamala Harris and hopes US Olympic team can unite divided country | Stephen Curry ,,"The US Olympic team can‚Äôt even unite this sub || Who does Steph think he is, Caitlin Clark and Angel Reese? || Narrator:  *It will not in fact heal the nation* || I see Steph likes Kamala Harris, but not as much as Wiggins üíÄ || Howcomes NBA players are soo open with their political views but NFL players shy away from political talk? I am from the UK so excuse me if this is a dumb question... || In my multiverse Harris is telling Curry that some shots are worth an additional point in this photo¬† || Lol Curry saw Kuzma wildin and promptly shut his ass up. 

(I don‚Äôt think the two players‚Äô comments are actually related. Just a joke, lol.) || Need Jonathan Isaac on this team to truly unite the country || Still think Biden & Bron in a father time ad would have been legendary :i || Someone get Steph a Pepsi || Steph's comments have divided this thread lol. || The disconnect from entertainers to regular people is hilarious. || This thread survived? I'm impressed. || F her || spoiler: it won't || It can‚Äôt but I appreciate the effort.¬† || Yea, I don‚Äôt think so Steph. || Says the guy who wont let townhomes be built near him.
Edit: I am on board with uniting the country and what not, just thought its sort of ironic for NIMBY. || Such delusion to think a game of basketball can unify the country. Confirms sports people should stick to talking about sports. || Let‚Äôs Gooo!!!!",2024-07-25
[Haynes] Western Conference All-Star Reserves: - Stephen Curry - Kawhi Leonard - Anthony Davis - Karl-Anthony Towns - Paul George - Anthony Edwards - Devin Booker,,"I was not expecting KAT at all. Was expecting a 1% chance of Rudy. What the hell || Two Wolves allstars, with a potential DPOY season from Rudy? Minnesota fans have dreamed of this season for decades || No Sabonis or Fox is wild man || Sorry Kings fans || After watching Sabonis cook the Heat last night, snubbed || Alpi Nation, we go again next year. ü´°  

The bigger snub is Sabonis anyways‚Ä¶ what a joke but can‚Äôt say I‚Äôm surprised either. || Where's the league leader in double-doubles? || No sabonis or rudy? || No Kings is crazy || No Sabonis or Fox feels so wrong || Kings got shafted, one of them has to get in || No Sabonis or Fox is bs. || Sabonis snubbed big time || I have no idea how Sabonis doesn't make it

19.9 Pts, 13 REBs, 8 Assists per game. 29 double doubles, 13 triple doubles

12th in efficiency, **5th** in win shares. Has counting stats and advanced stats

It's an absolute joke to not reward these types of numbers w an All-Star nod || Kings got screwed. || Winning matters unless you play in Sacramento. || Sabonis was robbed || Lmao end me || [deleted] || The Kings should have had at least one in this selection as well as Lauri should have been in consideration as well",2024-02-01
"[Charania] Stephen Curry vs. Sabrina Ionescu on All-Star Saturday night is official: Curry will shoot from the NBA 3-point line with NBA basketballs, and Ionescu will shoot from the WNBA 3-point line with WNBA basketballs. Both will receive money for their charities.",,"She said she'd shoot from the NBA line

[https://twitter.com/sabrina\_i20/status/1752403977063538901](https://twitter.com/sabrina_i20/status/1752403977063538901) || Did someone say charity? My boy is cooked. || He‚Äôs gonna lose lol || Charities and Steph‚Ä¶. Ive seen this movie before üòÖ || Congrats Sabrina on your win. || Charity? Ionescu just needs to hit 1 to beat him then? || Congrats on the W Sabrina! Charity Steph doesn't stand a chance || In all seriousness this is pretty cool. Props to Steph a lot of players wouldn't do something like this || they should have also invited that other guy who holds the record for most 3 point shots who got cooked by Kenny Smith || Looking forward to it but man I can already see the toxic discourse this will have no matter who wins || /r/nbacirclejerk 12/25 || twitter is going to reach a new special level of hell || Steph about to miss every shot || I imagine some people will bitch but this is the most fair way to do this. Even Steph using a WNBA ball, even though it‚Äôs smaller, would be harder for him since it‚Äôs different from the ball he‚Äôs been using his whole adult life

Should be fun though. Sabrina got it in the bag since it‚Äôs for charity though.

Edit: I‚Äôve also just learned that the difference in distance is not that much. If you google it you see 20 feet 6 inches for the WNBA line but it appears that‚Äôs outdated and the WNBA has since matched their 3PT line to the international line. [22 feet in the corners, 23 feet 9 inches around the Arc in the NBA, vs 22.15 feet all the way in the WNBA](https://proformancehoops.com/basketball-court-dimensions/)

Technically a corner 3 in the WNBA is further than a corner 3 in the NBA lol || Gonna be a bunch of starving children this year || glad to see the hype around this by steph and sabrina actually come to fruition and i‚Äôm excited to see this go down. || The IG comments on this announcement were about as I expected. || they got to make the obstacles challenge NBA vs WNBA for charity || Should also get Caitlin Clark in this competition, I'd love to see how she is able to hang with the WNBA/NBA level talent. || Someone is going to get cooked. Won't be close",2024-01-30
[All-Access] Stephen Curry and Anthony Edwards putting up some halfcourt shots at USAB practice in London,,"As a T-Wolves fan, I've prayed for a star like ANT since KG || This is the most fun team usa we've had in a while. || Lol Steph‚Äôs screech at the end. || Ant shot that shit like a mid range jumpshot. Unreal strength. ||  this means Anthony Edwards is the best shooter of all time || I will never get tired watching anything Ant related || Ant is a dog he wants to beat everyone, you can see it. || Ant & Hali going dumb next season surrounded by all these greats || Steph lost because they probably made a bet for charity or something lol || the future is now old man || Angola's in trouble || Steph's foot was on the line on that first shot.  No $10,000 prize for him || Steph releases his half court shots just as fast as any other shot lol || Are people born with a natural touch and divine hand-eye coordination or is that something you can practice? || üòçüòç that‚Äôs ma boy üê∫ || Someone call Payton Pritchard for his services || Ok... real question: how is it so effortless? I've played basketball my whole life and still play in men's leagues (I'm 43). Why does them shooting from half court just look like a normal jumper? How do they not need to exert more effort? Even if I pull up for a shot just a couple feet behind the line, I feel like my form is altered. || I‚Äôll never forget curry going 0-9 from half court for charity during the all star game and they had to pity just give the check anyway || George Mikan and his milk men rolling in their graves || Jesus, this man really is the best at everything üòÇ",2024-07-19
"Stephen Curry in win vs Celtics: 27 PTS (8-17 FG) (4-9 3P) (7-7 FT), 7 REB, 9 AST, 4 STL, 1 BLK",,"His defense has been so good, I hope history remembers how he improved at it later in his career || GSW has anti Celtics aura. Steph is crazy man || TD Steph hits different || Classic || Does that say 7 FTA for Steph? || I LOVE YOU STEPHEN WARDELL CURRY || Celtic fans let the hate out your heart regarding Steve Kerr and his Olympic rotation lol.

I believe I heard Steve Kerr suck chant lol like seriouly || That‚Äôs my clutch player of the year. || Steph ""DPOY"" Curry || I LOVE STEPH CURRY || Surgical!! || WE ARE SO FUCKING BACK || Best player in the world || they kept trying to get him on the mismatch and gave up || Steph is just hitting his prime || Give Steph An AD, Siakam, Beal, Booker, Kyrie as a second‚Ä¶ || MADE AMERICA GREAT AGAIN || I loved Tatum leaving him wide open for that 3 lol || Imagine thinking he‚Äôs worse than tatum || Is it too early to say The Warriors are better without Klay?",2024-11-06
Stephen Curry reacts to new teammates Klay Thompson and Dereck Lively ,,"This title gave me a heart attack || Anyone else read this and thought curry just for got traded to the mavs || I thought Steph linked up with Luka & Kyrie. Would‚Äôve been generational hoops || My heart is broken still that Klay isn‚Äôt with the Dubs anymore. || I thought GSW got Lively completely forgetting Klay dipped || this happened where? || Why tf Lively rub his hands like an evil villain lmao || I had the game on mute and realized Steph and Klay were there but sitting essentially across from each other and got immediately sad. || Im so happy for DLively II || So this is what being a child of divorce feels like || Long time Rocket fan so I always seen Steph as a nemesis but after watching the Olympics son is an American legend for real. No Steph slander will be tolerated. || This offseason has been so filled with popcorn bs that I completely forgot Klay was with the Mavs now lol || [lively in this clip](https://m.youtube.com/watch?v=YZtiDJqVYwk) || Good to see Klay happy. I hope it works out for him over there in Dallas but I think that's more on his mental outlook than what happens on the court. || Steph when he sees some low income housing residents || The title is proof that words and phrasing matter 

Steph still being friends/friendly with Klay is another example of how weird fans are to create these hateful narratives between players, almost all of these guys are friends like Lebron and Steph, it's their fans who spend 10 hours a day arguing about them like it's a war lol || Lively seems like a really good dude. Dude is always smiling in every non-basketball clip I see him in, even though he had one of the toughest off-court years imaginable. 

And it's going to be really weird when Dallas & Klay play the Warriors. || Steph and Klay look the same height here || Steph cries to his pillow at night about Klay being in Dallas with Chicagos ‚ÄúYou‚Äôre my inspiration‚Äù playing.

He probably doesn‚Äôt but it‚Äôs a nice thought to have. || You know Steph meant that shit too lol",2024-09-08
[NBAPR] The 2023-24 Kia All-NBA Third Team: ‚ñ™Ô∏è Devin Booker of @Suns ‚ñ™Ô∏è Stephen Curry of @warriors ‚ñ™Ô∏è Tyrese Haliburton of @Pacers ‚ñ™Ô∏è LeBron James of @Lakers ‚ñ™Ô∏è Domantas Sabonis of @SacramentoKings,,"The Domantas Sabonis voter has finally won his war || LeBron's 20th all NBA selection, all time record for all NBA selections || Congrats on the super max Hali || Hali getting PAID || Halliburton sacrificed his health for that bag. Looks like it‚Äôs paid off. || were there any snubs this year? brown, maxey maybe? || How did Kawhi make second team over Lebron? Damn. || Kawhi over bron gimmick in 2024 lmaooo || what type of blackmail does Kawhi have on the NBA??? || Yay Sabonis made it. || Sabonis is one of the 15 best players in the league, but not one of the best 24 players in the league. || No Jaylen Brown? üò≠ || Jaylen Brown snub || Did right by Sabonis. Him not making the all star game was a bad joke. || Tyrese Haliburton contract pity || LeBron should be in the 2nd Team. 

How did Kawhi outplayed LeBron? 

LeBron - 25/7/8 - 54%/41%/75% - 71 games

Kawhi - 24/6/3 - 52%/41%/88% - 68 games

How? || Hell yea, Tyrese made it. Good shit.

Jaylen Brown didn't make it, though oof. But at least it doesn't impact his contract at all.

Hope it gives him more motivation to dominate in this playoff run. || Kawhi over Bron is crazy || this is the only sabonis vote that isn‚Äôt bad he led the league in triple doubles this year and had the double double streak || Jaylen Brown was too good this season to not be All-NBA",2024-05-22
"[All-Access] Stephen Curry made three bounce shot threes in a row at USABMNT practice






",,"Good thing AD wasn't there, he'd be grabbing the balls off the bounce as if Stephen Curry was just airballing it. || Would these count as 3 points in a game? || Steph is a genetic freak. || It was hilarious watching the other Olympic teams' benches when Steph started going off. They were DISGUSTED but also amazed but in despair. There was really nothing they could have done other than tackle him. || the secret is to twerk at the right moment || There truly will never be another. || He is Bullseye if Bullseye decided to play basketball. || Wtf was that after the second shot? Lmao. What a goof. || This is why you never ever do the fake video. No one will ever trust. || Honest question: is this were to ever happen in a game how would it be scored? || The fact that he knew the 1st one was going in immediately is crazy. The dude is just unreal || If he shot this at the buzzer in a real game, the buzzer sounds just after it leaves his hands, before the first bounce - does it count? || i assume if something like this happens in game, the ball would be treated like a loose ball after the bounce and the points would be credited to whichever offensive player is closest to the bounce spot || The twerk after the 2nd make thoughü§£ || I have been saying for years that Steph deserves to be in a different category than ""shooter"".  I call him a ""Ball Pilot"". || ngl the fact that that other vid was a fake is making me distrust all the trickshot vids now || This guy isn‚Äôt human || We've seen this already || He's about to change the game again. || telling my kids this is AI bc i've never seen something like this ever",2024-08-20
[All-Access] Stephen Curry making a fan's day by signing jersey at NBA Store NYC,,"That kid has more manners than a lot of adults || ‚ÄúMr Curry‚Äù 
   
that shits adorable || Meeting a player like Steph as a kid might have given me a heart attack. I met Mario Elie when he signed with the Spurs and I instantly folded. I barely even knew who he was because I was 9 years old, and I still couldn't even talk. My family still makes fun of me for it. || Thats a core memory for sure || [removed] || ""That's like the best point guard of all time man""

üëÇ üëÄü§ù || I'm gonna say it made his month, at least. || MJ would've told the kid to beat it || being on the receiving end of star-struckness must be so bizarre. people unironically mouth agape just beholding you lmao

steph is a class act though, so inspirational man || look at Curry man. So inspirational






No, but really. This kid has good manners and was admiring from afar until Steph noticed and greeted him. A lot of grown adults would be bum rushing Steph putting their camera in his face asking him to sign something. || This little redditor dissing Magic || Little bro been raised right, you can tell. || Steph is a class act compared to some of the others in the league.  He along with his wife do some pretty amazing stuff.  Lucky kid! || Fuck that‚Äôs so cool. 

Along with being the greatest shooter of all time he‚Äôs also a fucking amazing person and teammate. || That kid will have a lot to talk with his friends and many people. || His face in the beginning is so great. And then when he realizes his mouth is just hanging open, he‚Äôs like ‚ÄúAlright I gotta keep it together but I physically can‚Äôt close my mouth‚Ä¶i‚Äôll just cover it with my hands.‚Äù Lol that kid is awesome. || surprisingly small crowd or maybe they limited entrants || I could barely think straight just seeing Steph on the court for the first time live after 10 years on TV, didn‚Äôt feel real or possible. He proceeded to break his 3 pointers made streak and score 5 points I think. || Add this to the happy kids getting autographs Hall of Fame, [along with the Mike Trout kid](https://youtu.be/XN8zVfSwRHE?si=ByQRn3e3xb0PIFwg) || In 20 years, this kid will be on the internet defending his GOAT against the next great PG. lol",2024-09-04
"Stephen Curry offers some words of advice to Trae Young: ‚ÄúI told him after the game that it would all come back to him if he continues to approach the game the right way: play with joy, don‚Äôt let it build any type of resentment just because he‚Äôs not acknowledged.‚Äú",,"Steph ""Joy Boy"" Curry || I just can‚Äôt imagine being as good as he is and not a nod ‚Ä¶ that would be hurtful so I can‚Äôt imagine the amount of willpower and mental strength it takes to just be ABOVE that. || [deleted] || Good life advice in general.   That being said, it‚Äôs a lot easier to play with joy when you‚Äôve already gotten your flowers.  Trae is always under scrutiny for his play-style and his team record. || Politics in the NBA are crazy, maybe the only sport where being a likable guy holds more weight than actual play || [deleted] || how can you actually hate this dude || I love Steph Curry || I‚Äôm old enough to remember the same thing happening with Dame when he was starting to break out, snub after snub. Now he‚Äôs an 8x all-star. Trae is too good, ik it sucks now but he‚Äôll end his career with multiple all star selections to the point where we‚Äôll forget about these snubs¬† || [removed] || It‚Äôs deeper than just all star games too. Trae didn‚Äôt even get invited to the FIBA team. I respect Steph for being candid about this || Trae‚Äôs numbers are insane vs the accolades he has. He should honestly have been an all star every season after his rookie year, with those stat lines. || If only the world were more process oriented instead of goal oriented all the time. || What if there's another guy in NBA who plays with joy and no resentment, which of the two will be given the All-Star then. || I wish my concept of not being acknowledged was Stephen Curry complimenting me in national media || One reason it's impossible to root against Steph is how pleasant and positive he always seems. Don't much like his coach or his teammates, but I've always enjoyed Steph || Trae has been one of my favorite players ever since that shoulder shimmy 3 against the sixers. He deserves better than how he's treated. || I mean, after curry‚Äôs first snub he hasn‚Äôt missed it since. Trae has made it before and then been snubbed twice since, which is way more disrespectful than pre-MVP curry missing it one time || Trae‚Äôs been doing that. || Steph always looks like he's having a great time. This is good advice for the kids.",2024-02-04
Top selling jerseys of the 2023-24 season: 1) Stephen Curry 2) LeBron James 3) Jayson Tatum 4) Victor Wembanyama 5) Giannis Antetekounmpo 6) Luka Doncic 7) Devin Booker 8) Kevin Durant 9) Damian Lillard 10) Tyrese Maxey 11) Ja Morant 12) Joel Embiid 13) Nikola Jokic 14) Lamelo Ball 15) Jalen Brunson,,"Pretty wild that the 2 most recent MVPs don't even make the top 10. || I‚Äôm surprised Book is ahead of Durant honestly. || This is only because fanatics refused to keep Caruso jerseys in stock || maxey top 10 is pretty dope || Surprised Jalen Brunson isn't higher since he is the hottest NY sports star since Melo. || No one talking about how Lamelo is on here despite missing most the season and being on one of the most irrelevant franchises? Get this man to LA or Miami or something and he‚Äôd be top 5 easy || Victor is so obviously the next face of the league, idk why the media randomly lost their minds for a month obsessing over it.¬† || I am so happy Wemby has met and somewhat exceeded his expectations. Hope he has good health throughout his career too. || Is this globally or just the US? || Curry at 1 surprises me, especially with the Warriors just being bad. At least with LeBron you‚Äôve got him changing teams. 

Also says a lot about LaMelo‚Äôs marketability. He‚Äôs just plainly popular. Same with Morant who basically didnt play all year and got caught up in a ton of controversies but still outsold the last two MVPs. || Edwards would be up there if they sold the classics. No one I know has ever wanted the current branding, though. || People will blame the NBA as the man shows more passion for his horses then the game || They didn‚Äôt include the number of herb jones jerseys because they knew it would hurt the all stars feelings to see him at #1 || Curry has been with the same team his whole career and is still the top selling jersey. Crazy || I‚Äôm actually shocked Shai is not more popular nationwide. || [deleted] || That‚Äôs wild considering warriors not make playoffs. Maybe get Stephen Curry some help? || Every single one of Jokic jerseys was sold to somebody in Denver or Serbia.  Maybe the most poorly marketed star in NBA history || Wow Wemby || I've got my Wembanyama jersey #gsg",2024-04-20
Stephen Curry and James Harden embrace lovingly.,,"The guy in the black shirt thought that Harden was gonna give him lots of love lmao || Same draft class both great players, they define the best backcourt for last decade


Edit: Thanks for the upvotes. Now can we get a new flair for my LA Clippers? The new logo is super in my opinion. Howdy, mods? || In another world, Harden joins the Warriors and KD is ringless. || Both in their primes would have been a INSANE backcourt. They always played well together every allstar game they were in. || Steph is a legit 6‚Äô3‚Äù || Just like [old times](https://imgur.com/DT8CRPi)!! üòÇ || r/nbaww || I was 16 watching Harden and Curry go back and forth play off series after play off series. I blinked and I'm 25 and Hardens on his 4th team and Curry graduated from splash brother to splash father. I got lock the fuck in life I'm going to be a decade older and nowhere further if I don't. || Now kiss || I remember when these two had that one Foot Locker commercial after they both had their breakout season in 2012-13.

Time flies man. || In another life Harden has the better career || That title. Never change, r/nba || We about to have a grrrrreat season üôèüèæüôèüèæüôèüèæü´Ç || Harden Soul pt. 2 ||  It will never happen but Steph on this clips team would be nasty. || Harden could've joined the Warriors before KD did but he chose not to and re-signed with HOU. || Feel so old that most of the guys from their draft class are cooked || I‚Äôm loving the slack key guitar they‚Äôve been playing. || That is the power of the game. || If Harden went to the Warriors instead of KD, does he get the ring?",2024-10-05
"[Charania] Golden State Warriors star Stephen Curry has sustained a left peroneal strain and will be re-evaluated on Friday, source tells ESPN.",,"At least it's not a perineal strain. || [deleted] || when he's out, I expect Draymond not to give a fuck as well. || The real test for Draymond starts || *Draymond Green kicking/punching activated!* || Time to test that depth and see if it really is something. We have no true 1 besides Podz so I‚Äôm expecting alot of wiggins ball handling and green shifting away from defence to initiate the offense more || ‚ÄúStrain‚Äù doesn‚Äôt really tell us much without knowing the degree of the strain. First degree strain might be a two week injury. Third degree strain, which is a full tear, could be a 4-6 month injury. || Should be OK after rest and rehab and hopefully he finds a shoe combination with the braces that stabilizes the ankle. Ankle braces can prevent worse injury after you roll your ankle but don't necessarily prevent rolled ankles from actually occurring.

Could've been a midfoot like sprain...there are different degrees of this, funny because I've actually looked up this injury before because of other players who've had it. Different degrees, different places the sprain occurs, etc. make a big difference in recovery timeline, so looks like Steph dodged a bullet, and that's great for him and the Warriors and the league. They're gonna need him on the road trip.

Dubs need to try to just split the home games with the Pels by any way possible if they can, but will be hard with no Steph, Draymond hobbled, Melton out...now Wiggins questionable too. || My light searching says he'll miss 3-5 weeks || [deleted] || Fuck, a perineum strain is brutal. Trust me. || Fortunately for warriors fans we look like the white fuzz on dog doo doo rn so this matchup should be interesting || LeBron and kd the last of their still standing || That shit fucking sucks. When you get tendinitis in that peroneal you can barely walk. Took me like a year and a half to be able to run again || He‚Äôll be back for the Rockets game and he‚Äôll put 50 on us || Is there a parlay on how many games Draymond will be suspended? || UFC fans know all about the peroneal nerve at this point || I‚Äôm assuming 4 weeks could be 8 || ‡ºº „Å§ ‚óï_‚óï ‡ºΩ„Å§ STEPH TAKE MY PERONEAL ‡ºº „Å§ ‚óï_‚óï ‡ºΩ„Å§ || They‚Äôre not winning a game without him",2024-10-28
NBA.com's updated MVP Ladder: 1. Nikola Jokic 2. Jayson Tatum 3. Anthony Davis 4. Giannis Antetokounmpo5. Shai Gilgeous-Alexander 6. Stephen Curry 7. Kevin Durant 8. LeBron James 9. Donovan Mitchell 10. De‚ÄôAaron Fox,"[Source](https://www.nba.com/news/kia-mvp-ladder-nov-22-2024-edition)

1. Nikola Jokic
2. Jayson Tatum
3. Anthony Davis
4. Giannis Antetokounmpo
5. Shai Gilgeous-Alexander
6. Stephen Curry
7. Kevin Durant
8. LeBron James
9. Donovan Mitchell
10. De‚ÄôAaron Fox

Honorable mentions to Jaylen Brown, Anthony Edwards, Luka Donƒçiƒá, Karl-Anthony Towns, and Victor Wembanyama



Exactly a month since the NBA season tipped-off. Do you have any disagreements?","Bron, steph, and KD being that high at their ages is fucking nuts. || Fox üò± || what's kept Jokic's candidacy safe-ish is that the nuggets schedule has been spread out thus far

they've played 3 games in the last 10 days

edit: in that same span, the suns have played 7 || Fox should just score 60 every game || Lebron being on there at 40 is crazy lmao || If Tatum finishes second I consider that winning.

Joker just too good || Kyrie over Luka this season || Where is KAT || I need Franz in the honorable mentions || This sub on high alert as Tatum climbs the rankings. || Last week: Durant moves up from 6th to 3rd because his team went 1-2 while he was injured.

This week: Durant drops from 3rd to 7th because his team went 0-4 while he was injured. || Where is Franz || Giannis gotta average 40 a game to break the top 3 lol || Franz deserves at least a shoutout || About time Donovan Mitchell got some love. Kinda curious as to why Mitchell has been left off so many top 10 current player lists. Not saying he's the best in the league right now, but he's the best player on the best team, so that should count for something.

Also surprised Shai is so low, but I'm biased, so ignore that. || The Nuggets looking like absolute ass while Jokic is on paternity leave was enough to keep him at the top lol || I actually hope Tatum elevates and wins it. I‚Äôd love to see him prove it and really earn an individual award for himself || ""Jaylen Brown better"" crowd been dead silent since the season started as anticipated. Never change casuals. || Wemby is somehow honorable mention but noone from Cavs or Rockets? So we dont care about team record anymore? We put Wemby evverywhere so he can fulfill his prophecy as the new star? || You don't lose the games that you don't play, eh?¬†",2024-11-22
"[Highlight] Derrick ""Stephen Curry"" White goes behind the back and beats the shot clock splashing his 7th three for his 25th points of the night (with replay)",,"**Replays/alternate angles**


*I am a bot, and this action was performed automatically. Please [contact the moderators of this subreddit](/message/compose/?to=/r/nba) if you have any questions or concerns.* || He‚Äôs so good, he‚Äôs so good. || Fate of the universe on the line... I WANT DERRICK || Sheesh losing the hair really unlocked his game || HE'S DONE MIRACLES ON ME || I assume every shot is going in now wtf || Bald cap curry out here || I love Brad Stevens , I love the spurs and I love Jrich for being decent with us || Really like this guy. Great player. || The best player on the Celtics || DWhite is the greatest role player ever, there I said it. || Playoff merchant || You cannot convince me that Derrick White isn't the best player on the Celtics right now || Trying to post the PP buzzer beater but streamable removed it lmao they're haters || Derrick white is your gfs favorite player || shaves his head and all of a sudden becomes the One Punch Man of basketball. || [deleted] || I was only half joking when I said Derrick white is better than Tatum || Bro might be Steph curry || Derrick White stealing Tatum‚Äôs team away from him.",2024-05-07
